Name,Gender,Country,State,City,Email,Phone,Cell
Mikaela Nyhuus,Female,Norway,Finnmark - Finnmárku,Hesseng,mikaela.nyhuus@example.com,68353685,941267742
Myrta Lacroix,Female,Switzerland,Vaud,Crémines,myrta.lacroix@example.com,89980810,996607112
Günter Schaffrath,Male,Germany,Sachsen-Anhalt,Bad Nenndorf,gunter.schaffrath@example.com,32079975,908262196
Reingard Niermann,Female,Germany,Rheinland-Pfalz,Marne,reingard.niermann@example.com,84341583,950813052
Svitolik Nikolyuk,Male,Ukraine,Vinnicka,Ievpatoriya,svitolik.nikolyuk@example.com,96752369,997203762
Emilie Kowalski,Female,Canada,Québec,Lafontaine,emilie.kowalski@example.com,89925940,971879277
Poliana Nunes,Female,Brazil,Goiás,Nova Iguaçu,poliana.nunes@example.com,87890565,911012229
Ashley Willis,Female,United Kingdom,Oxfordshire,Liverpool,ashley.willis@example.com,97452602,976280472
Jean-Louis Lopez,Male,Switzerland,Jura,Thusis,jean-louis.lopez@example.com,64988984,995317028
Svobodana Pilipenko,Female,Ukraine,Hmelnicka,Snigurivka,svobodana.pilipenko@example.com,96075598,997614187
Orest Fedorchenko,Male,Ukraine,Dnipropetrovska,Vasilkiv,orest.fedorchenko@example.com,99267409,996588571
Sonali Dawangave,Female,India,Rajasthan,Mysore,sonali.dawangave@example.com,64247172,956873444
Jesse Hiltunen,Male,Finland,Southern Ostrobothnia,Vårdö,jesse.hiltunen@example.com,09776971,956607961
Izzie Cooper,Female,United Kingdom,Cheshire,St Albans,izzie.cooper@example.com,87862910,935161891
Kerim Ekşioğlu,Male,Turkey,Ardahan,Iğdır,kerim.eksioglu@example.com,65169608,944047594
Elma Heyerdahl,Female,Norway,Telemark,Malm,elma.heyerdahl@example.com,23418153,947618030