Gender,Name,City,State,Country,Email,Phone,Cell
Female,Mikaela Nyhuus,Hesseng,Finnmark - Finnmárku,Norway,mikaela.nyhuus@example.com,68353685,41267742
Female,Myrta Lacroix,Crémines,Vaud,Switzerland,myrta.lacroix@example.com,078 998 08 10,079 660 71 12
Male,Günter Schaffrath,Bad Nenndorf,Sachsen-Anhalt,Germany,gunter.schaffrath@example.com,0893-2079975,0170-8262196
Female,Reingard Niermann,Marne,Rheinland-Pfalz,Germany,reingard.niermann@example.com,0468-4341583,0175-0813052
Male,Svitolik Nikolyuk,Ievpatoriya,Vinnicka,Ukraine,svitolik.nikolyuk@example.com,(096) F75-2369,(097) X20-3762
Female,Emilie Kowalski,Lafontaine,Québec,Canada,emilie.kowalski@example.com,F89 G92-5940,L71 R87-9277
Female,Poliana Nunes,Nova Iguaçu,Goiás,Brazil,poliana.nunes@example.com,(34) 8789-0565,(81) 1101-2229
Female,Ashley Willis,Liverpool,Oxfordshire,United Kingdom,ashley.willis@example.com,016974 52602,07976 280472
Male,Jean-Louis Lopez,Thusis,Jura,Switzerland,jean-louis.lopez@example.com,076 498 89 84,079 531 70 28
Female,Svobodana Pilipenko,Snigurivka,Hmelnicka,Ukraine,svobodana.pilipenko@example.com,(096) Q07-5598,(097) T61-4187
Male,Orest Fedorchenko,Vasilkiv,Dnipropetrovska,Ukraine,orest.fedorchenko@example.com,(099) G26-7409,(096) N58-8571
Female,Sonali Dawangave,Mysore,Rajasthan,India,sonali.dawangave@example.com,8864247172,8456873444
Male,Jesse Hiltunen,Vårdö,Southern Ostrobothnia,Finland,jesse.hiltunen@example.com,09-776-971,045-660-79-61
Female,Izzie Cooper,St Albans,Cheshire,United Kingdom,izzie.cooper@example.com,0113288 786 2910,07335 161891
Male,Kerim Ekşioğlu,Iğdır,Ardahan,Turkey,kerim.eksioglu@example.com,(896)-516-9608,(504)-404-7594
Female,Elma Heyerdahl,Malm,Telemark,Norway,elma.heyerdahl@example.com,23418153,47618030